ID,Category_ID,Name,Name_subtitle,Keywords,Pantry_Min,Pantry_Max,Pantry_Metric,Pantry_tips,DOP_Pantry_Min,DOP_Pantry_Max,DOP_Pantry_Metric,DOP_Pantry_tips,Pantry_After_Opening_Min,Pantry_After_Opening_Max,Pantry_After_Opening_Metric,Refrigerate_Min,Refrigerate_Max,Refrigerate_Metric,Refrigerate_tips,DOP_Refrigerate_Min,DOP_Refrigerate_Max,DOP_Refrigerate_Metric,DOP_Refrigerate_tips,Refrigerate_After_Opening_Min,Refrigerate_After_Opening_Max,Refrigerate_After_Opening_Metric,Refrigerate_After_Thawing_Min,Refrigerate_After_Thawing_Max,Refrigerate_After_Thawing_Metric,Freeze_Min,Freeze_Max,Freeze_Metric,Freeze_Tips,DOP_Freeze_Min,DOP_Freeze_Max,DOP_Freeze_Metric,DOP_Freeze_Tips
12.0,7.0,Cream,"whipped, sweetened","Cream,whipped, sweetened",0.0,0.0,,,,,,,,,,1.0,1.0,Days,,,,,,,,,,,,1.0,2.0,Months,,,,,
22.0,7.0,Eggs,"raw whites, yolks","Eggs,raw whites, yolks,egg,whites",0.0,0.0,,,,,,,,,,2.0,4.0,Days,,,,,,,,,,,,12.0,12.0,Months,,,,,
23.0,7.0,Eggs,hard boiled cooked,"Eggs,egg,hard boiled cooked,boiled,hard boiled",0.0,0.0,,,,,,,,,,1.0,1.0,Weeks,,,,,,,,,,,,0.0,0.0,Not Recommended,,,,,
24.0,7.0,Egg dishes,,"Egg dishes,egg,dishes",0.0,0.0,,,,,,,,,,3.0,4.0,Days,,,,,,,,,,,,2.0,3.0,Months,Freezing guidance applies to egg dishes after baking.,,,,
32.0,7.0,Whipped topping,tub,"Whipped topping,topping,tub,whipped",0.0,0.0,,,,,,,,,,0.0,0.0,,,2.0,2.0,Weeks,,,,,,,,14.0,14.0,Months,,,,,
33.0,7.0,Yogurt,,Yogurt,0.0,0.0,,,,,,,,,,0.0,0.0,,,1.0,2.0,Weeks,,,,,,,,1.0,2.0,Months,,,,,
110.0,11.0,Jerky,homemade,"Jerky,homemade",1.0,2.0,Months,,,,,,,,,1.0,2.0,Months,,,,,,,,,,,,0.0,0.0,,,,,,
131.0,17.0,"Stuffed, raw chicken breasts",,"Stuffed,raw chicken breasts,breast,chicken,chicken breasts",0.0,0.0,,,,,,,,,,1.0,2.0,Days,,,,,,,,,,,,9.0,9.0,Months,,,,,
132.0,17.0,Raw kabobs with vegetables,,"Raw kabobs,vegetables,kabobs,kabob,vegetable",0.0,0.0,,,,,,,,,,1.0,2.0,Days,,,,,,,,,,,,3.0,4.0,Months,,,,,
135.0,14.0,Cooked poultry dishes,,"Cooked poultry dishes,poultry dishes,poultry",0.0,0.0,,,,,,,,,,3.0,4.0,Days,,,,,,,,,,,,4.0,6.0,Months,,,,,
136.0,14.0,Fried chicken,,"Fried chicken,chicken",0.0,0.0,,,,,,,,,,3.0,4.0,Days,,,,,,,,,,,,4.0,4.0,Months,,,,,
140.0,25.0,Poultry pieces,covered with gravy or broth,"Poultry pieces,gravy,broth,poultry,pieces,piece",0.0,0.0,,,,,,,,,,3.0,4.0,Days,,,,,,,,,,,,1.0,2.0,Months,,,,,
148.0,20.0,Cooked fish,all,"Cooked fish,fish,all",0.0,0.0,,,,,,,,,,3.0,4.0,Days,,,,,,,,,,,,1.0,2.0,Months,,,,,
154.0,21.0,Crab meat,fresh,"Crab meat,meat,fresh,crab",0.0,0.0,,,,,,,,,,1.0,3.0,Days,,,,,,,,,,,,2.0,4.0,Months,,,,,
162.0,21.0,Cooked shellfish,all,"Cooked shellfish,shellfish,fish,cooked",0.0,0.0,,,,,,,,,,3.0,4.0,Days,,,,,,,,,,,,0.0,0.0,,,1.0,3.0,Months,
172.0,24.0,Re-hydrated textured soy protein,(TSP),"Re hydrated textured soy protein,protein,TSP,soy,soy protein,textured soy protein,Re hydrated ",0.0,0.0,,,3.0,4.0,Months,,,,,3.0,4.0,Days,Refrigeration time applies to prepared product.,,,,,,,,,,,0.0,0.0,,,,,,
173.0,25.0,Leftovers,"with meat, fish, poultry, or egg","Leftovers,meat,fish,poultry,egg,leftover",0.0,0.0,,,,,,,,,,3.0,4.0,Days,,,,,,,,,,,,2.0,3.0,Months,,,,,
174.0,25.0,Leftovers,"without meat, fish, poultry, or egg (such as cooked vegitables, rice, or potatoes)","leftover,leftovers,without meat,fish,poultry,egg,cooked vegetables,rice,potatoes,meat,vegetables,potato,vegetable",0.0,0.0,,,,,,,,,,3.0,4.0,Days,,,,,,,,,,,,1.0,2.0,Months,,,,,
175.0,25.0,Leftovers,pizza,"Leftovers,pizza",0.0,0.0,,,,,,,,,,3.0,4.0,Days,,,,,,,,,,,,1.0,2.0,Months,,,,,
177.0,25.0,Cooked pasta,,"Cooked pasta,pasta",0.0,0.0,,,,,,,,,,3.0,5.0,Days,,,,,,,,,,,,1.0,2.0,Months,,,,,
178.0,25.0,Cooked rice,,"Cooked rice,rice",0.0,0.0,,,,,,,,,,4.0,6.0,Days,,,,,,,,,,,,6.0,6.0,Months,,,,,
180.0,25.0,Guacamole,,Guacamole,0.0,0.0,,,,,,,,,,3.0,4.0,Days,,,,,,,,,,,,3.0,4.0,Months,,,,,
183.0,25.0,Hummus,"traditional (no preservatives, not pasteurized)","Hummus,traditional,no preservatives,not pasteurized,no preservative,preservatives,preservative,pasteurized",0.0,0.0,,,,,,,,,,7.0,7.0,Days,,,,,,,,,,,,0.0,0.0,Not Recommended,,,,,
184.0,25.0,Luncheon meat or poultry,store-sliced,"Luncheon meat,poultry,store sliced,meat,luncheon,store,sliced",0.0,0.0,,,,,,,,,,0.0,0.0,,,3.0,5.0,Days,,,,,,,,1.0,2.0,Months,,,,,
185.0,25.0,Main dishes or meals,hot or refrigerated,"Main dishes,meals,hot,refrigerated,dishes,dish,meal",0.0,0.0,,,,,,,,,,0.0,0.0,,,3.0,4.0,Days,,,,,,,,2.0,3.0,Months,,,,,
186.0,25.0,Meats,covered with gravy or broth,"Meats,gravy,broth,meat",0.0,0.0,,,,,,,,,,3.0,4.0,Days,,,,,,,,,,,,6.0,6.0,Months,,,,,
188.0,25.0,Pate,,Pate,0.0,0.0,,,,,,,,,,0.0,0.0,,,1.0,2.0,Days,,,,,,,,1.0,2.0,Months,,,,,
193.0,25.0,"Soup, stews",,"Soup,stews,stew",0.0,0.0,,,,,,,,,,3.0,4.0,Days,,,,,,,,,,,,2.0,3.0,Months,,,,,
194.0,25.0,Casseroles,,"Casseroles,Casserole",0.0,0.0,,,,,,,,,,3.0,4.0,Days,,,,,,,,,,,,0.0,0.0,,,,,,
207.0,2.0,Fruit pies,"apple, peach, blueberry, apricot, cherry, blackberry","Pies,fruit,pie,apple,apple pie,peach,peach pie,blueberry,blueberry pie,cherry,cherry pie,apricot,apricot pie,blackberry,blackberry pie",1.0,2.0,Days,,,,,,,,,0.0,0.0,,,,,,,1.0,1.0,Weeks,,,,8.0,8.0,Months,,,,,
208.0,2.0,Pies,mincemeat,"Pies,mincemeat,pie,meat,mince",2.0,2.0,Hours,,,,,,,,,0.0,0.0,,,,,,,1.0,1.0,Weeks,,,,8.0,8.0,Months,,,,,
209.0,2.0,Pies,pecan,"Pies,Pie,pecan",2.0,2.0,Hours,,,,,,,,,0.0,0.0,,,,,,,3.0,4.0,Days,,,,1.0,2.0,Months,,,,,
210.0,2.0,Pies,pumpkin,"Pies,Pie,pumpkin",2.0,2.0,Hours,,,,,,,,,0.0,0.0,,,,,,,3.0,4.0,Days,,,,1.0,2.0,Months,,,,,
211.0,2.0,Quiche,,Quiche,2.0,2.0,Hours,,,,,,,,,0.0,0.0,,,,,,,3.0,5.0,Days,,,,2.0,3.0,Months,,,,,
248.0,18.0,Apples,,"Apples,apple",0.0,0.0,,,3.0,3.0,Weeks,,,,,0.0,0.0,,,4.0,6.0,Weeks,,,,,,,,8.0,8.0,Months,Freezing guidance applies to cooked product.,,,,
249.0,18.0,Apricots,,"Apricots,Apricot",0.0,0.0,When Ripe,"Ripe is when this item is tender, fully developed and ready to eat.",,,,,,,,2.0,5.0,Days,Timeline for refrigerator applies to ripe fruit.,,,,,,,,,,,0.0,0.0,Not Recommended,,,,,
250.0,18.0,Avocados,,"Avocados,Avocado",0.0,0.0,When Ripe,"Ripe is when this item is tender, fully developed and ready to eat.",,,,,,,,3.0,4.0,Days,Timeline for refrigerator applies to ripe fruit.,,,,,,,,,,,0.0,0.0,Not Recommended,,,,,
251.0,18.0,Bananas,,"Bananas,banana",0.0,0.0,When Ripe,"Ripe is when this item is tender, fully developed and ready to eat.",,,,,,,,3.0,3.0,Days,Timeline for refrigerator applies to ripe fruit; skin will blacken.,,,,,,,,,,,2.0,3.0,Months,,,,,
252.0,18.0,Berries,"cherries, goose berries, lychee","Berries,berry,cherries,cherry,goose berries,goose berry,lychee,gooseberries",0.0,0.0,,,,,,,,,,0.0,0.0,,,7.0,7.0,Days,,,,,,,,12.0,12.0,Months,,,,,
253.0,18.0,Berries,"blackberries, boysenberries, currant","Berries,berry,blackberries,blackberry,boysenberries,boysenberry,currant",0.0,0.0,,,,,,,,,,0.0,0.0,,,3.0,6.0,Days,,,,,,,,12.0,12.0,Months,,,,,
254.0,18.0,Blueberries,,"Blueberries,blueberry,berries,berry",0.0,0.0,,,,,,,,,,0.0,0.0,,,1.0,2.0,Weeks,,,,,,,,8.0,12.0,Months,,,,,
255.0,18.0,Cherimoya,,Cherimoya,0.0,0.0,When Ripe,"Ripe is when this item is tender, fully developed and ready to eat.",,,,,,,,4.0,4.0,Days,Timeline for refrigerator applies to ripe fruit.,,,,,,,,,,,10.0,12.0,Months,,,,,
257.0,18.0,Coconut,shredded,"Coconut,shredded",0.0,0.0,,Applies to unopened coconut.,1.0,1.0,Years,,,,,0.0,0.0,,,,,,,8.0,8.0,Months,,,,1.0,1.0,Years,,,,,
259.0,18.0,Cranberries,,"Cranberries,cranberry",0.0,0.0,,,,,,,,,,0.0,0.0,,,2.0,2.0,Months,,,,,,,,12.0,12.0,Months,,,,,
260.0,18.0,Dates,,Dates,0.0,0.0,,,2.0,2.0,Months,,,,,0.0,0.0,,,12.0,12.0,Months,,,,,,,,1.0,2.0,Years,,,,,
261.0,18.0,Grapes,,"Grapes,grape",0.0,0.0,,,1.0,1.0,Days,,,,,0.0,0.0,,,1.0,1.0,Weeks,,,,,,,,1.0,1.0,Months,Freezing guidance applies to whole grapes.,,,,
262.0,18.0,Guava,,Guava,0.0,0.0,When Ripe,"Ripe is when this item is tender, fully developed and ready to eat. Note, these spoil quickly.",,,,,,,,2.0,4.0,Days,Timeline for refrigerator applies to ripe fruit.,,,,,,,,,,,0.0,0.0,Not Recommended,,,,,
263.0,18.0,Kiwi fruit,,"Kiwi fruit,kiwi,fruit",0.0,0.0,When Ripe,"Ripe is when this item is tender, fully developed and ready to eat.",,,,,,,,3.0,6.0,Days,Timeline for refrigerator applies to ripe fruit.,,,,,,,,,,,0.0,0.0,Not Recommended,,,,,
264.0,18.0,Melons,,"Melons,melon",0.0,0.0,When Ripe,"Until Ripe, then 7 days. Ripe is when this item is tender, fully developed and ready to eat.",,,,,,,,0.0,0.0,,,2.0,2.0,Weeks,,2.0,4.0,Days,,,,1.0,1.0,Months,Freezing guidance applies to balled melon.,,,,
265.0,18.0,"Papaya, mango, feijoa, passionfruit, casaha melon",,"Papaya,mango,feijoa,passionfruit,casaha melon,melon,fruit,passion",0.0,0.0,,,3.0,5.0,Days,,,,,0.0,0.0,,,1.0,1.0,Weeks,,,,,,,,6.0,8.0,Months,,,,,
266.0,18.0,"Peaches, nectarines, plums, pears, sapote",,"Peaches,nectarines,plums,pears,sapote,peach,nectarine,plum,pear",0.0,0.0,When Ripe,"Until Ripe, then 1-2 days. Ripe is when this item is tender, fully developed and ready to eat.",,,,,,,,3.0,5.0,Days,Timeline for refrigerator applies to ripe fruit.,,,,,,,,,,,2.0,2.0,Months,"Freezing guidance applies to product when sliced, with lemon juice and sugar.",,,,
267.0,18.0,Pineapple,,Pineapple,0.0,0.0,When Ripe,"Until Ripe, then 1-2 days. Ripe is when this item is tender, fully developed and ready to eat.",,,,,,,,5.0,7.0,Days,Timeline for refrigerator applies to ripe fruit.,,,,,,,,,,,10.0,12.0,Months,,,,,
268.0,18.0,Plantains,,"Plantains,plantain",0.0,0.0,When Ripe,"Until Ripe, then 1-2 days. Ripe is when this item is tender, fully developed and ready to eat.",,,,,,,,3.0,5.0,Days,Timeline for refrigerator applies to ripe fruit.,,,,,,,,,,,10.0,12.0,Months,,,,,
269.0,18.0,Pomegranate,,Pomegranate,0.0,0.0,,,2.0,5.0,Days,,,,,0.0,0.0,,,1.0,3.0,Months,,,,,,,,10.0,12.0,Months,,,,,
297.0,19.0,Potatoes,,"Potatoes,potato",0.0,0.0,,This is the recommended storage method for whole potatoes.,1.0,2.0,Months,,,,,0.0,0.0,,The United States Potato Board notes refrigeration can cause potatoes to darken during cooking and to develop an unpleasantly sweet taste.,1.0,2.0,Weeks,,,,,,,,10.0,12.0,Months,Freezer timeline applies to cooked and mashed potatoes.,,,,
304.0,19.0,Tamarind,,Tamarind,0.0,0.0,,,1.0,3.0,Weeks,,,,,0.0,0.0,,Refrigeration guidelines apply to just the pulp.,6.0,6.0,Months,,,,,,,,1.0,1.0,Years,Freezing guidelines apply to just the pulp.,,,,
309.0,8.0,Dough,commercial (bread or cookie),"Dough,commercial,bread,cookie",0.0,0.0,,,,,,,,,,3.0,4.0,Days,Recommendation is for storage after cooking.,,,,,,,,,,,0.0,0.0,,,12.0,12.0,Months,"Keep frozen. For safety, cook as directed."
310.0,8.0,Egg substitutes,,"Egg substitutes,egg,substitute,Egg substitute",0.0,0.0,,,,,,,,,,3.0,4.0,Days,Recommendation is for storage after cooking.,,,,,,,,,,,0.0,0.0,,,12.0,12.0,Months,"Keep frozen. For safety, cook as directed."
312.0,8.0,Fish,raw but headed and gutted,"Fish,raw,headed,gutted",0.0,0.0,,,,,,,,,,3.0,4.0,Days,Recommendation is for storage after cooking.,,,,,,,,,,,0.0,0.0,,,6.0,6.0,Months,"Keep frozen. For safety, cook as directed."
314.0,8.0,Frozen pretzels,,"Frozen pretzels,frozen,pretzels,pretzel",0.0,0.0,,,,,,,,,,3.0,4.0,Days,Recommendation is for storage after cooking.,,,,,,,,,,,0.0,0.0,,,9.0,9.0,Months,"Keep frozen. For safety, cook as directed."
320.0,8.0,Lobster tails,,"Lobster tails,tail,lobster,Lobster tail",0.0,0.0,,,,,,,,,,3.0,4.0,Days,Recommendation is for storage after cooking.,,,,,,,,,,,0.0,0.0,,,8.0,8.0,Months,"Keep frozen. For safety, cook as directed."
322.0,8.0,Sausages,uncooked,"Sausages,Sausage,uncooked,cooked",0.0,0.0,,,,,,,,,,3.0,4.0,Days,Recommendation is for storage after cooking.,,,,,,,,,,,0.0,0.0,,,1.0,2.0,Months,"Keep frozen. For safety, cook as directed."
323.0,8.0,Sausages,precooked,"Sausages,Sausage,precooked,cooked",0.0,0.0,,,,,,,,,,3.0,4.0,Days,Recommendation is for storage after cooking.,,,,,,,,,,,0.0,0.0,,,1.0,2.0,Months,"Keep frozen. For safety, cook as directed."
325.0,8.0,"Shrimp, shellfish",,"Shrimp,shellfish,fish",0.0,0.0,,,,,,,,,,3.0,4.0,Days,Recommendation is for storage after cooking.,,,,,,,,,,,0.0,0.0,,,12.0,18.0,Months,"Keep frozen. For safety, cook as directed."
326.0,8.0,Soy crumbles and hot dogs,,"Soy crumbles,hot dogs,hot dog,soy,soy crumble",0.0,0.0,,,,,,,,,,3.0,4.0,Days,Recommendation is for storage after cooking.,,,,,,,,,,,0.0,0.0,,,1.0,2.0,Months,"Keep frozen. For safety, cook as directed."
327.0,8.0,Soy meat substitutes,,"Soy meat substitutes,soy,meat,soy meat,meat substitutes,substitutes,substitute",0.0,0.0,,,,,,,,,,3.0,4.0,Days,Recommendation is for storage after cooking.,,,,,,,,,,,0.0,0.0,,,12.0,18.0,Months,"Keep frozen. For safety, cook as directed."
328.0,8.0,Tempeh,,Tempeh,0.0,0.0,,,,,,,,,,3.0,4.0,Days,Recommendation is for storage after cooking.,,,,,,,,,,,0.0,0.0,,,6.0,6.0,Months,"Keep frozen. For safety, cook as directed."
331.0,8.0,Vegetables,,"Vegetables,vegetable",0.0,0.0,,,,,,,,,,3.0,4.0,Days,Recommendation is for storage after cooking.,,,,,,,,,,,0.0,0.0,,,10.0,18.0,Months,"Keep frozen. For safety, cook as directed."
332.0,9.0,Fresh pasta,,"Fresh pasta,pasta",0.0,0.0,,,,,,,,,,1.0,2.0,Days,,,,,,,,,,,,2.0,2.0,Months,,,,,
343.0,6.0,Dry gravy mixes,,"Dry gravy mixes,gravy,mixes,mix,dry",0.0,0.0,,,2.0,2.0,Years,,,,,1.0,2.0,Days,Refrigeration time applies to prepared product.,,,,,,,,,,,0.0,0.0,,,,,,
354.0,6.0,Pesto,jarred,"Pesto,jarred,jar",0.0,0.0,,,,,,,,,,0.0,0.0,,,6.0,6.0,Months,,3.0,3.0,Days,,,,1.0,1.0,Months,,,,,
377.0,23.0,Crackers,,"Crackers,cracker",0.0,0.0,,,8.0,8.0,Months,,1.0,1.0,Months,0.0,0.0,,,,,,,3.0,4.0,Months,,,,3.0,4.0,Months,,,,,
386.0,23.0,Nuts,jars or cans,"Nuts,nut,jar,jars,cans,can",0.0,0.0,,,1.0,1.0,Years,,2.0,9.0,Months,0.0,0.0,,,,,,,4.0,6.0,Months,,,,6.0,12.0,Months,,,,,
401.0,5.0,Coffee,"home ground, non-vacuum","Coffee,home ground,non vacuum,ground,home,vacuum",0.0,0.0,,,3.0,5.0,Months,,3.0,5.0,Weeks,0.0,0.0,,,,,,,,,,,,,1.0,2.0,Years,,,,,
414.0,18.0,Kumquats,,Kumquats,0.0,0.0,When Ripe,"Ripe is when this item is tender, fully developed and ready to eat.",,,,,,,,3.0,3.0,Weeks,Timeline for refrigerator applies to ripe fruit.,,,,,,,,,,,0.0,0.0,Not Recommended,,,,,
415.0,19.0,Bagged greens,"leaf, spinach, lettuce, etc.","Bagged greens,leaf,spinach,lettuce,bagged,greens,green",0.0,0.0,,,,,,,,,,3.0,5.0,Days,Unopened product will last 3 - 5 days after date on bag; after opening it will last 2 days.,,,,,2.0,2.0,Days,,,,0.0,0.0,Not Recommended,,,,,
190.0,25.0,Egg salad,,"Egg salad,egg,salad",0.0,0.0,,,,,,,,,,3.0,4.0,Days,,,,,,,,,,,,0.0,0.0,Not Recommended,,,,,
191.0,25.0,Potato salad,,"Potato salad,potato,salad",0.0,0.0,,,,,,,,,,3.0,5.0,Days,,,,,,,,,,,,0.0,0.0,Not Recommended,,,,,
417.0,25.0,Seafood salads,"(tuna salad, shrimp salad, salmon salad, mixed seafood salad, etc.)","Seafood salads,tuna salad, shrimp salad, salmon salad, mixed seafood salad,seafood,salads,salad,tuna,shrimp,salmon,mixed,mixed seafood,seafood salad,",0.0,0.0,,,,,,,,,,3.0,4.0,Days,,,,,,,,,,,,0.0,0.0,Not Recommended,,,,,
418.0,25.0,Chicken salad,,"Chicken salad,chicken,salad",0.0,0.0,,,,,,,,,,3.0,4.0,Days,,,,,,,,,,,,0.0,0.0,Not Recommended,,,,,
419.0,25.0,Ham salad,,"Ham salad,ham,salad",0.0,0.0,,,,,,,,,,3.0,4.0,Days,,,,,,,,,,,,0.0,0.0,Not Recommended,,,,,
420.0,25.0,Pasta salad,,"Pasta salad,pasta,salad",0.0,0.0,,,,,,,,,,3.0,5.0,Days,,,,,,,,,,,,0.0,0.0,Not Recommended,,,,,
426.0,9.0,Quinoa,cooked,"Quinoa,cook,cooked",0.0,0.0,,,,,,,,,,6.0,7.0,Days,,,,,,,,,,,,6.0,12.0,Months,,,,,
432.0,23.0,Fruit cocktail,canned ,"Fruit cocktail,cocktail,fruit,canned,can",0.0,18.0,Months,,,,,,,,,0.0,0.0,,,,,,,,,,,,,0.0,0.0,,,,,,
449.0,2.0,Bagel,fresh baked,"Bagel,fresh baked,baked",1.0,2.0,Days,,,,,,,,,0.0,0.0,,Refrigeration not recommended - bagel will quickly dry out and become stale.,,,,,,,,,,,3.0,3.0,Months,,,,,
450.0,2.0,Bagel ,commercially frozen,"Bagel,commercially frozen,frozen",0.0,0.0,,,,,,,,,,0.0,0.0,,,,,,,,,,,,,3.0,3.0,Months,,,,,
451.0,2.0,Muffin,"homemade - including bran, blueberry, banana, corn, chocolate chip","Muffin,homemade including bran,homemade,bran,blueberry,banana,corn,chocolate chip,including bran,chocolate,chip",3.0,7.0,Days,,,,,,,,,0.0,0.0,,Refrigeration not recommended - muffin will quickly dry out and become stale.,,,,,,,,,,,2.0,3.0,Months,,,,,
452.0,2.0,Muffin,commercially packaged,"Muffin,commercially packaged,packaged",3.0,7.0,Days,,,,,,,,,0.0,0.0,,Refrigeration not recommended - muffin will quickly dry out and become stale.,,,,,,,,,,,3.0,3.0,Months,,,,,
453.0,2.0,Muffin,"mix, dry, commercially packaged","Muffin,mix,dry,commercially packaged,packaged,commercially,commercial",9.0,9.0,Months,,,,,,,,,0.0,0.0,,,,,,,,,,,,,0.0,0.0,,,,,,
454.0,23.0,Coconut oil,,"Coconut oil,coconut,oil",3.0,3.0,Years,,,,,,,,,0.0,0.0,,Refrigeration not recommended - makes it difficult to use.,,,,,,,,,,,0.0,0.0,,Freezing not recommended - makes it difficult to use.,,,,
457.0,5.0,Orange juice,freshly squeezed,"Orange juice,orange,juice,freshly squeezed,squeezed,freshly,fresh,sqeeze",0.0,0.0,,,,,,,,,,2.0,3.0,Days,,,,,,,,,,,,2.0,3.0,Weeks,,,,,
458.0,23.0,Roasted red peppers,jar,"Roasted red peppers,roasted,red,peppers,jar,Roasted red,red peppers,pepper",0.0,0.0,,,,,,,,,,4.0,6.0,Months,,,,,,,,,,,,0.0,0.0,,,,,,
459.0,3.0,Whole wheat flour,,"Whole wheat flour,Whole,wheat,flour,wheat flour,whole wheat",12.0,12.0,Months,,,,,,,,,2.0,2.0,Years,,,,,,,,,,,,2.0,2.0,Years,,,,,
460.0,9.0,Whole wheat bread,homemade,"Whole wheat bread,Whole,wheat,bread,homemade,whole wheat,wheat bread",3.0,5.0,Days,May have shorter shelf life due to lack of preservatives.,,,,,,,,0.0,0.0,,Refrigeration not recommended - bread will quickly dry out and become stale.,,,,,,,,,,,3.0,3.0,Months,,,,,
461.0,9.0,Whole wheat bread,commercially baked & pre-sliced,"Whole wheat flour,Whole,wheat,flour,wheat flour,whole wheat,commercially baked,pre sliced,sliced,slice,baked,commercially,commercial",3.0,5.0,Days,,,,,,,,,0.0,0.0,,Refrigeration not recommended - bread will quickly dry out and become stale.,,,,,,,,,,,3.0,3.0,Months,,,,,
462.0,5.0,Red wine,,"Red wine,red,wine",3.0,5.0,Years,"Dark, away from direct heat or sunlight.",,,,,,,,0.0,0.0,,,,,,,1.0,3.0,Days,Depending on conditions.,,,0.0,0.0,,,,,,
463.0,5.0,White wine,,"White wine,white,wine",1.0,2.0,Years,"Dark, away from direct heat or sunlight.",,,,,,,,0.0,0.0,,,,,,,1.0,3.0,Days,Depending on conditions.,,,0.0,0.0,,,,,,
464.0,23.0,Dry stuffing mix,commercially packaged,"Dry stuffing mix,Dry stuffing,stuffing mix,Dry,stuffing,mix,commercially packaged,packaged,commercially,commercial,pack",9.0,12.0,Months,Do not refrigerate.,,,,,,,,0.0,0.0,,,,,,,,,,,,,0.0,0.0,,,,,,
465.0,7.0,Powdered milk,,"Powdered milk,Powdered,milk,powder",3.0,5.0,Years,"3 - 5 year timetable based on cool temperatures, dark storage. May spoil as quickly as 3 months in hot temperatures.",,,,,3.0,3.0,Months,0.0,0.0,,,,,,,,,,,,,0.0,0.0,,,,,,
466.0,23.0,Almond butter,,"Almond butter,Almond,butter",1.0,1.0,Years,"When stored in the pantry, almond butter may become hard and the natural oil may separate and float to the top; this is perfectly normal. To reincorporate the natural almond oils into the almond butter, simply mix it manually or with a hand mixer.",,,,,,,,0.0,0.0,,,,,,,,,,,,,0.0,0.0,,,,,,
467.0,23.0,Cashew butter,,"Cashew butter,Cashew,butter",3.0,3.0,Months,Does not need to be refrigerated.,,,,,,,,0.0,0.0,,,,,,,,,,,,,0.0,0.0,,,,,,
478.0,18.0,Star fruit,,"Star fruit,fruit,fruits",1.0,1.0,Weeks,"Or until ripe. Ripe is when this item is tender, fully developed and ready to eat.",,,,,,,,0.0,0.0,,,1.0,2.0,Weeks,,,,,,,,10.0,12.0,Months,,,,,
479.0,18.0,Prickly pear ,,"Prickly pear,pear,pickle",2.0,5.0,Days,"Or until ripe. Ripe is when this item is tender, fully developed and ready to eat.",,,,,,,,0.0,0.0,,,1.0,2.0,Weeks,,,,,,,,10.0,12.0,Months,,,,,
480.0,18.0,Pitaya/dragon fruit,,"Pitaya,dragon fruit,fruit,fruits",2.0,5.0,Days,"Or until ripe. Ripe is when this item is tender, fully developed and ready to eat.",,,,,,,,0.0,0.0,,,2.0,3.0,Weeks,,,,,,,,10.0,12.0,Months,,,,,
481.0,18.0,Strawberries,,"Strawberries,strawberry",0.0,0.0,,,,,,,,,,0.0,0.0,,,2.0,3.0,Days,,,,,,,,8.0,12.0,Months,,,,,
482.0,18.0,Raspberries,,"Raspberries,raspberry",0.0,0.0,,,,,,,,,,0.0,0.0,,,2.0,3.0,Days,,,,,,,,8.0,12.0,Months,,,,,
483.0,18.0,Cherries,,"Cherries,cherry",0.0,0.0,,,,,,,,,,0.0,0.0,,,2.0,3.0,Days,,,,,,,,8.0,12.0,Months,,,,,
484.0,6.0,Broth,homemade,"Broth,homemade",0.0,0.0,,,,,,,,,,3.0,4.0,Days,,,,,,,,,,,,2.0,3.0,Months,,,,,
485.0,6.0,Beef broth/stock/consommé ,commercially produced,"Beef broth, beef stock,beef consommé,consommé,commercially produced",0.0,0.0,Package use-by date,Bouillon cubes will keep their best quality 1 year. The reconstituted broth lasts 3-4 days in the refrigerator.,,,,,,,,7.0,7.0,Days,,,,,,3.0,4.0,Days,,,,2.0,3.0,Months,,,,,
486.0,6.0,Chicken broth/stock/consommé ,commercially produced,"Chicken broth,chicken stock,consommé,commercially produced",0.0,0.0,Package use-by date,Bouillon cubes will keep their best quality 1 year. The reconstituted broth lasts 3-4 days in the refrigerator.,,,,,,,,7.0,7.0,Days,,,,,,3.0,4.0,Days,,,,2.0,3.0,Months,,,,,
487.0,6.0,Vegetable stock/broth ,commercially produced,"Vegetable stock,Vegetable broth,broth,commercial vegetable stock,commercial vegetable broth,vegetable",0.0,0.0,Package use-by date,Bouillon cubes will keep their best quality 1 year. The reconstituted broth lasts 3-4 days in the refrigerator.,,,,,,,,7.0,7.0,Days,,,,,,3.0,4.0,Days,,,,2.0,3.0,Months,,,,,
491.0,19.0,Baby carrots,,"Baby carrots, carrot,baby carrot",0.0,0.0,,below 75 °F,4.0,4.0,Days,,,,,0.0,0.0,,,4.0,4.0,Weeks,,,,,,,,3.0,3.0,Months,Blanch before freezing.,,,,
494.0,19.0,Kohlrabi,,Kohlrabi,0.0,0.0,,,,,,,,,,0.0,0.0,,,1.0,1.0,Weeks,,,,,,,,8.0,12.0,Months,,,,,
495.0,18.0,Watermelon,,Watermelon,0.0,0.0,,,1.0,2.0,Days,Or until ripe.,,,,0.0,0.0,,,3.0,4.0,Days,,,,,,,,12.0,12.0,Months,,,,,
496.0,18.0,Cantaloupe,,Cantaloupe,0.0,0.0,,,2.0,4.0,Days,Or until ripe.,,,,0.0,0.0,,,5.0,15.0,Days,,,,,,,,12.0,12.0,Months,,,,,
497.0,18.0,Honeydew,,Honeydew,0.0,0.0,,,2.0,7.0,Days,,,,,0.0,0.0,,,3.0,4.0,Days,,,,,,,,12.0,12.0,Months,,,,,
501.0,23.0,Tomato paste,,Tomato paste,0.0,0.0,,,27.0,27.0,Months,,,,,0.0,0.0,,,,,,,5.0,5.0,Days,,,,2.0,3.0,Months,,,,,
504.0,23.0,Flaxseed,ground,"Flaxseed,ground",0.0,0.0,,,,,,,,,,0.0,0.0,,,12.0,12.0,Months,,,,,,,,12.0,12.0,Months,,,,,
506.0,19.0,Cilantro,,Cilantro,1.0,2.0,Weeks,,,,,,,,,2.0,3.0,Weeks,,,,,,,,,,,,0.0,0.0,,Freeze damage will appear.,,,,
507.0,19.0,Mint,,Mint,1.0,2.0,Weeks,,,,,,,,,2.0,3.0,Weeks,,,,,,,,,,,,0.0,0.0,,Freeze damage will appear.,,,,
508.0,19.0,Basil,dried,"Basil,dried",12.0,12.0,Months,,,,,,,,,0.0,0.0,,,,,,,,,,,,,0.0,0.0,,,,,,
509.0,19.0,Basil,fresh,"Basil,fresh",5.0,5.0,Days,Keep stems in water.,,,,,,,,10.0,10.0,Days,Will start to discolor.,,,,,,,,,,,0.0,0.0,,,,,,
510.0,19.0,Oregano,,Oregano,1.0,2.0,Weeks,,,,,,,,,2.0,3.0,Weeks,,,,,,,,,,,,0.0,0.0,,Freeze damage will appear.,,,,
511.0,19.0,Rosemary,,Rosemary,1.0,2.0,Weeks,,,,,,,,,2.0,3.0,Weeks,,,,,,,,,,,,0.0,0.0,,Freeze damage will appear.,,,,
512.0,19.0,Chives,,Chives,1.0,2.0,Weeks,,,,,,,,,2.0,3.0,Weeks,,,,,,,,,,,,0.0,0.0,,Freeze damage will appear.,,,,
513.0,19.0,Thyme,,Thyme,1.0,2.0,Weeks,,,,,,,,,2.0,3.0,Weeks,,,,,,,,,,,,0.0,0.0,,,,,,
518.0,25.0,Canadian bacon,whole,"Canadian bacon,bacon,whole",0.0,0.0,,,,,,,,,,2.0,2.0,Weeks,,,,,,,,,,,,2.0,2.0,Months,,,,,
519.0,25.0,Canadian bacon,sliced,"Canadian bacon,bacon,sliced",0.0,0.0,,,,,,,,,,10.0,10.0,Days,,80.0,80.0,Days,,,,,,,,12.0,12.0,Months,,,,,
524.0,6.0,Duck fat,,"Duck fat,duck",0.0,0.0,,,,,,,,,,30.0,30.0,Days,,,,,,,,,,,,0.0,0.0,,,,,,
525.0,6.0,Bacon grease,,"Bacon grease,bacon,grease",0.0,0.0,,,,,,,,,,6.0,6.0,Months,,,,,,,,,,,,12.0,12.0,Months,,,,,
526.0,6.0,Frying oil,re-used,"Frying oil,re-used oil,oil",0.0,0.0,,,,,,,,,,1.0,1.0,Months,,,,,,,,,,,,6.0,9.0,Months,,,,,
527.0,3.0,Almond extract,,Almond extract,2.0,2.0,Years,,,,,,12.0,12.0,Months,0.0,0.0,,,,,,,,,,,,,0.0,0.0,,,,,,
528.0,3.0,Cinnamon extract,,Cinnamon extract,2.0,2.0,Years,,,,,,12.0,12.0,Months,0.0,0.0,,,,,,,,,,,,,0.0,0.0,,,,,,
529.0,3.0,Lemon extract,,"Lemon extract,lemon",2.0,2.0,Years,,,,,,12.0,12.0,Months,0.0,0.0,,,,,,,,,,,,,0.0,0.0,,,,,,
530.0,3.0,Pure vanilla extract,,"vanilla,vanila extract",2.0,2.0,Years,,,,,,12.0,12.0,Months,0.0,0.0,,,,,,,,,,,,,0.0,0.0,,,,,,
531.0,3.0,Butter flavor,,"Butter flavor,butter",2.0,2.0,Years,,,,,,12.0,12.0,Months,0.0,0.0,,,,,,,,,,,,,0.0,0.0,,,,,,
532.0,3.0,Coconut flavor,,"Coconut flavor,coconut",2.0,2.0,Years,,,,,,12.0,12.0,Months,0.0,0.0,,,,,,,,,,,,,0.0,0.0,,,,,,
533.0,23.0,"""Genuine"" Maple syrup","unopened, glass","Genuine Maple syrup,syrup,unopened, glass",4.0,4.0,Years,,,,,,,,,0.0,0.0,Indefinitely,,,,,,,,,,,,0.0,0.0,,,,,,
534.0,23.0,"""Genuine"" Maple syrup","unopened, plastic","Genuine Maple syrup,syrup,unopened, plastic",2.0,2.0,Years,,,,,,,,,18.0,24.0,Months,,,,,,,,,,,,0.0,0.0,,,,,,
536.0,5.0,Lemon juice,fresh squeezed,"Lemon juice,juice,fresh squeezed,squeezed,juices",0.0,0.0,,,,,,,,,,6.0,6.0,Days,,,,,,,,,,,,12.0,12.0,Months,,,,,
537.0,5.0,Apple juice,fresh squeezed,"Apple juice,juice,fresh squeezed,squeezed,juices,apple",0.0,0.0,,,,,,,,,,6.0,6.0,Days,,,,,,,,,,,,12.0,12.0,Months,,,,,
538.0,5.0,Carrot juice,fresh squeezed,"Carrot juice,juice,fresh squeezed,squeezed,juices",0.0,0.0,,,,,,,,,,6.0,6.0,Days,,,,,,,,,,,,12.0,12.0,Months,,,,,
540.0,5.0,Cream liquors,unopened,"Cream liquors,liquors,unopened,liquor",6.0,8.0,Months,,,,,,,,,0.0,0.0,,,,,,,,,,,,,0.0,0.0,,,,,,
541.0,5.0,Coffee,"commercial ground, non-vacuum","Coffee,commercial ground, non-vacuum",0.0,0.0,,,2.0,2.0,Years,,2.0,2.0,Weeks,0.0,0.0,,Critical to be stored in an airtight container.,,,,,1.0,1.0,Months,,,,6.0,12.0,Months,Do not return to freezer once taken out.,,,,
542.0,2.0,Macaroons,french,"Macaroons,Macaroon,french",1.0,2.0,Days,Store in refrigerator if not eaten right away.,,,,,,,,0.0,0.0,,,,,,,,,,,,,3.0,3.0,Months,,,,,
546.0,7.0,Quark,fresh cheese,"Quark,fresh cheese,cheese",0.0,0.0,,,,,,,,,,7.0,10.0,Days,,,,,,,,,,,,0.0,0.0,,,,,,
547.0,19.0,Zucchini,"fresh, whole","Zucchini,fresh, whole",0.0,0.0,,,,,,,,,,1.0,1.0,Weeks,,,,,,,,,,,,10.0,10.0,Months,,,,,
548.0,19.0,Hot peppers,,"Hot peppers,pepper",0.0,0.0,,,,,,,,,,0.0,0.0,,,1.0,1.0,Weeks,Fresh whole peppers will last longer if kept dry. ,,,,,,,9.0,9.0,Months,Peppers lose their crispness when frozen and thawed.,,,,
551.0,4.0,Puff pastry,,"Puff pastry,pastry,pastries,puff",0.0,0.0,,,,,,,,,,0.0,0.0,,,,,,,,,,,,,12.0,12.0,Months,,,,,
554.0,4.0,Pie crust,refrigerated,"Pie crust,crust,refrigerated,pie",0.0,0.0,,,,,,,,,,0.0,0.0,Package use-by date,,,,,,,,,,,,2.0,2.0,Months,,,,,
555.0,23.0,Granola,,Granola,6.0,9.0,Months,,,,,,,,,0.0,0.0,,,,,,,,,,,,,0.0,0.0,,,,,,
556.0,23.0,Pork rinds,,"Pork rinds,pork,rinds",4.0,4.0,Months,From date of manufacturer.,,,,,,,,0.0,0.0,,,,,,,,,,,,,0.0,0.0,,,,,,
559.0,6.0,Hot sauce,,"Hot sauce,sauce",6.0,6.0,Months,Will stay fresher longer if refrigerated.,,,,,,,,0.0,0.0,,,,,,,,,,,,,0.0,0.0,,,,,,
561.0,3.0,Yeast,packaged,"Yeast,packaged",0.0,0.0,,,2.0,2.0,Years,"Store in cool, dry place. Must be refrigerated or frozen once opened.",,,,0.0,0.0,,,,,,,4.0,4.0,Months,,,,6.0,6.0,Months,,,,,
562.0,18.0,Applesauce,homemade,"Applesauce,homemade",0.0,0.0,,,,,,,,,,3.0,3.0,Weeks,,,,,,,,,,,,8.0,12.0,Months,,,,,
563.0,12.0,Pate,meat ,"Pate,meat",0.0,0.0,,,,,,,,,,7.0,7.0,Days,Left over pâtés should be wrapped in plastic film.,,,,,,,,,,,0.0,0.0,,,,,,
564.0,14.0,Pate,poultry,"Pate,poultry",0.0,0.0,,,,,,,,,,7.0,7.0,Days,Left over pâtés should be wrapped in plastic film.,,,,,,,,,,,0.0,0.0,,,,,,
566.0,6.0,Cranberry sauce,homemade,"Cranberry sauce,sauce,homemade",0.0,0.0,,,,,,,,,,7.0,10.0,Days,,,,,,,,,,,,0.0,0.0,,"It is not recommend freezing cranberry sauce, as after thawing, it may become too watery.",,,,
568.0,5.0,Vegetable juice,"commercial, sold refrigerated","Vegetable juice,commercial,refrigerated,vegetable",0.0,0.0,,,,,,,,,,1.0,1.0,Months,,,,Package use-by date,,,,,,,,0.0,0.0,,,,,,
570.0,19.0,Marinated vegetables,in oil,"Marinated vegetables,vegetables,oil,vegetable",0.0,0.0,,,,,,,,,,3.0,4.0,Days,,,,,,,,,,,,0.0,0.0,,,,,,
571.0,8.0,Pizza,frozen,"Pizza,frozen",0.0,0.0,,,,,,,,,,3.0,4.0,Days,Recommendation is for storage after cooking.,,,,,,,,,,,12.0,12.0,Months,"Keep frozen. For safety, cook as directed.",,,,
572.0,25.0,Salsa,fresh,"Salsa,fresh",0.0,0.0,,,,,,,,,,4.0,7.0,Days,,,,,,,,,,,,0.0,0.0,,,,,,
573.0,23.0,Chia seeds,,"Chia seeds,chia,seed,seeds",18.0,18.0,Months,,,,,,,,,0.0,0.0,,,,,,,,,,,,,0.0,0.0,,,,,,
574.0,2.0,Bread,homemade,"Bread,Breads,homemade",3.0,5.0,Days,May have shorter shelf life due to lack of preservatives.,,,,,,,,2.0,3.0,Months,,,,,,,,,,,,0.0,0.0,,,,,,
575.0,9.0,Amaranth,whole grain,"Amaranth,whole grain,grain",4.0,4.0,Months,,,,,,,,,0.0,0.0,,,,,,,,,,,,,8.0,8.0,Months,,,,,
576.0,3.0,Amaranth,"flour, meal","Amaranth,flour,meal",2.0,2.0,Months,,,,,,,,,0.0,0.0,,,,,,,,,,,,,4.0,4.0,Months,,,,,
577.0,9.0,Barley,whole grain,"Barley,whole grain,grain",6.0,6.0,Months,,,,,,,,,0.0,0.0,,,,,,,,,,,,,12.0,12.0,Months,,,,,
578.0,3.0,Barley,"flour, meal","Barley,flour, meal",3.0,3.0,Months,,,,,,,,,0.0,0.0,,,,,,,,,,,,,6.0,6.0,Months,,,,,
579.0,9.0,Buckwheat,whole grain,"Buckwheat,whole grain,grain",2.0,2.0,Months,,,,,,,,,0.0,0.0,,,,,,,,,,,,,4.0,4.0,Months,,,,,
580.0,3.0,Buckwheat,"flour, meal","Buckwheat,flour, meal,meal",1.0,1.0,Months,,,,,,,,,0.0,0.0,,,,,,,,,,,,,2.0,2.0,Months,,,,,
581.0,9.0,Farro,whole grain,"Farro,whole grain,grain",6.0,6.0,Months,Benefits from being stored in airtight containers and out of direct light.,,,,,,,,0.0,0.0,,,,,,,,,,,,,12.0,12.0,Months,,,,,
582.0,3.0,Farro,"flour, meal","Farro,flour, meal",3.0,3.0,Months,,,,,,,,,0.0,0.0,,,,,,,,,,,,,6.0,6.0,Months,,,,,
583.0,9.0,Millet,whole grain,"Millet,whole grain,grain",2.0,2.0,Months,,,,,,,,,0.0,0.0,,,,,,,,,,,,,4.0,4.0,Months,,,,,
584.0,3.0,Millet,"flour, meal","Millet,flour, meal",1.0,1.0,Months,,,,,,,,,0.0,0.0,,,,,,,,,,,,,2.0,2.0,Months,,,,,
585.0,9.0,Oats,whole grain,"Oat,Oats,whole grain,grain",4.0,4.0,Months,,,,,,,,,0.0,0.0,,,,,,,,,,,,,8.0,8.0,Months,,,,,
586.0,3.0,Oats,"flour, meal","Oats,Oat,flour, meal",2.0,2.0,Months,,,,,,,,,0.0,0.0,,,,,,,,,,,,,4.0,4.0,Months,,,,,
587.0,9.0,Rye,whole grain,"Rye,whole grain,grain",6.0,6.0,Months,,,,,,,,,0.0,0.0,,,,,,,,,,,,,12.0,12.0,Months,,,,,
588.0,3.0,Rye,"flour, meal","Rye,flour, meal",3.0,3.0,Months,,,,,,,,,0.0,0.0,,,,,,,,,,,,,6.0,6.0,Months,,,,,
589.0,9.0,Sorghum,whole grain,"Sorghum,whole grain,grain",4.0,4.0,Months,,,,,,,,,0.0,0.0,,,,,,,,,,,,,8.0,8.0,Months,,,,,
590.0,3.0,Sorghum,"flour, meal","Sorghum,flour, meal",2.0,2.0,Months,,,,,,,,,0.0,0.0,,,,,,,,,,,,,4.0,4.0,Months,,,,,
591.0,9.0,Spelt,whole grain,"Spelt,whole grain,grain",6.0,6.0,Months,,,,,,,,,0.0,0.0,,,,,,,,,,,,,12.0,12.0,Months,,,,,
592.0,3.0,Spelt,"flour, meal","Spelt,flour, meal",3.0,3.0,Months,,,,,,,,,0.0,0.0,,,,,,,,,,,,,6.0,6.0,Months,,,,,
593.0,9.0,Teff,whole grain,"Teff,whole grain,grain",4.0,4.0,Months,,,,,,,,,0.0,0.0,,,,,,,,,,,,,8.0,8.0,Months,,,,,
594.0,3.0,Teff,"flour, meal","Teff,flour, meal",2.0,2.0,Months,,,,,,,,,0.0,0.0,,,,,,,,,,,,,4.0,4.0,Months,,,,,
595.0,10.0,Rabbit,"whole, fresh","Rabbit,whole, fresh",0.0,0.0,,,,,,,,,,2.0,2.0,Days,,,,,,,,,,,,9.0,9.0,Months,,,,,
596.0,19.0,Spaghetti squash,whole,"Spaghetti squash,squash,whole",2.0,2.0,Months,,,,,,,,,1.0,2.0,Weeks,Storage temperatures below 50 degrees (as in a refrigerator) will cause the squash to spoil more rapidly.,,,,,,,,,,,0.0,0.0,,,,,,
597.0,19.0,Spaghetti squash,cut,"Spaghetti squash,squash,cut",0.0,0.0,,,,,,,,,,4.0,5.0,Days,,,,,,,,,,,,0.0,0.0,,,,,,
598.0,3.0,Garam masala,,Garam masala,1.0,1.0,Years,,,,,,,,,0.0,0.0,,,,,,,,,,,,,0.0,0.0,,,,,,
600.0,19.0,Cherry tomatoes,,"Cherry, tomatoes,tomato",10.0,10.0,Days,,,,,,,,,5.0,5.0,Days,,,,,,,,,,,,0.0,0.0,,,,,,
601.0,23.0,Coconut cream,canned,"coconut cream,coconut,cream,canned,can",0.0,0.0,,,2.0,5.0,Years,,,,,0.0,0.0,,,,,,,4.0,4.0,Days,,,,3.0,3.0,Months,,,,,
602.0,23.0,Coconut milk,canned,"coconut milk,coconut,milk,canned,can",0.0,0.0,,,2.0,5.0,Years,,,,,0.0,0.0,,,,,,,4.0,4.0,Days,,,,3.0,3.0,Months,,,,,
603.0,25.0,Coleslaw,"homemade, prepared","coleslaw,homemade,homemade coleslaw,prepared,prepared coleslaw",0.0,0.0,,,,,,,,,,3.0,5.0,Days,,,,,,,,,,,,0.0,0.0,,,,,,
604.0,23.0,Pumpkin seeds,"raw, no shell","pumpkin,pumpkin seed,pumpkin seeds,seed,seeds",6.0,6.0,Months,,,,,,,,,6.0,6.0,Months,,,,,,,,,,,,0.0,0.0,,,,,,
605.0,23.0,Pumpkin seeds,"raw, in-shell","pumpkin,pumpkin seed,pumpkin seeds,seed,seeds",6.0,6.0,Months,,,,,,,,,0.0,0.0,Not Recommended,,,,,,,,,,,,0.0,0.0,,,,,,
606.0,23.0,Pumpkin seeds,"roasted, no-shell","pumpkin,pumpkin seed,pumpkin seeds,seed,seeds",6.0,6.0,Months,,,,,,,,,0.0,0.0,,Refrigeration not necessary for unsalted pumpkin seeds.,,,,,,,,,,,0.0,0.0,,,,,,
607.0,23.0,Pumpkin seeds,"roasted, in-shell","pumpkin,pumpkin seed,pumpkin seeds,seed,seeds",6.0,6.0,Months,,,,,,,,,0.0,0.0,,,,,,,,,,,,,0.0,0.0,,,,,,
608.0,23.0,Sunflower seeds,"raw, unsalted, no shell","sunflower,sunflower seed,sunflower seeds,seed,seeds",12.0,12.0,Months,,,,,,,,,0.0,0.0,,,,,,,,,,,,,0.0,0.0,,,,,,
611.0,19.0,Parsley,fresh,parsley,0.0,0.0,,,,,,,,,,2.0,3.0,Days,,,,,,,,,,,,3.0,4.0,Months,,,,,
613.0,23.0,Sesame seeds,,"sesame seeds,sesame,seeds,seed",5.0,5.0,Years,,,,,,,,,0.0,0.0,,,,,,,,,,,,,0.0,0.0,,,,,,
618.0,23.0,Tuna,canned,"canned tuna,tuna,canned",3.0,3.0,Years,,,,,,,,,0.0,0.0,,,,,,,,,,,,,0.0,0.0,,,,,,
619.0,23.0,Seafood,canned,"canned seafood,seafood,canned",1.0,1.0,Years,,,,,,,,,0.0,0.0,,,,,,,1.0,2.0,Days,,,,0.0,0.0,,,,,,
621.0,10.0,Bison,whole,"bison whole,bison,whole",0.0,0.0,,,,,,,,,,3.0,5.0,Days,,,,,,,,,,,,6.0,9.0,Months,,,,,
622.0,10.0,Bison,ground,"ground bison,bison,ground",0.0,0.0,,,,,,,,,,1.0,2.0,Days,,,,,,,,,,,,3.0,4.0,Months,,,,,
624.0,6.0,Salad dressing,"vinaigrette,homemade","salad dressing,vinaigrette,salad,dressing,homemade",0.0,0.0,,,,,,,,,,2.0,3.0,Weeks,,,,,,,,,,,,0.0,0.0,,,,,,
628.0,7.0,Cheese Curds,"fresh, unaged","cheese curd,cheese,curd,curds,cheese curds",0.0,0.0,,,,,,,,,,2.0,2.0,Weeks,,,,,,,,,,,,4.0,4.0,Months,,,,,
629.0,25.0,Vegetable soup,homemade,"vegetable soup,vegetable,soup",0.0,0.0,,,,,,,,,,3.0,4.0,Days,,,,,,,,,,,,3.0,3.0,Months,,,,,
630.0,10.0,Chorizo,fresh,"fresh chorizo,chorizo",0.0,0.0,,,,,,,,,,1.0,2.0,Days,,,,,,,,,,,,1.0,2.0,Months,,,,,
631.0,12.0,Chorizo,"smoked and processed, uncooked","smoked chorizo,chorizo,processed chorizo,smoked,processed,uncooked,uncooked processed chorizo,uncooked smoked chorizo",0.0,0.0,,,,,,,,,,1.0,1.0,Weeks,,,,,,,,,,,,1.0,2.0,Months,,,,,
632.0,12.0,Chorizo,"smoked and processed, cooked","smoked chorizo,chorizo,processed chorizo,smoked,processed,cooked,cooked processed chorizo,cooked smoked chorizo",1.0,1.0,Years,,,,,,,,,0.0,0.0,,,,,,,1.0,1.0,Months,,,,6.0,6.0,Months,,,,,
633.0,23.0,Beets,pickled,"pickled beets,beets,pickled",1.0,1.0,Years,,,,,,,,,0.0,0.0,,Refrigerate after opening.,,,,,1.0,2.0,Months,,,,0.0,0.0,,,,,,
635.0,3.0,Cinnamon rolls,baked,"cinnamon rolls,cinnamon roll,cinnamon,roll,rolls",1.0,3.0,Days,,,,,,,,,0.0,0.0,,,,,,,,,,,,,3.0,3.0,Months,,,,,
637.0,9.0,Bulgur,,bulgur,6.0,12.0,Months,,,,,,,,,0.0,0.0,,,,,,,,,,,,,0.0,0.0,,,,,,
638.0,10.0,Bratwurst,fresh,"fresh brautwurst,brautwurst,fresh",0.0,0.0,,,,,,,,,,2.0,3.0,Days,,,,,,,,,,,,2.0,3.0,Months,,,,,
639.0,12.0,Bratwurst,smoked and processed,"smoked brautwurst,processed brautwurst,bratwurst,smoked,processed",0.0,0.0,,,,,,,,,,5.0,7.0,Days,,,,,,,,,,,,2.0,3.0,Months,,,,,
640.0,19.0,Edamame,fresh,"edamame,fresh,fresh edamame,soybeans,soybean",0.0,0.0,,,,,,,,,,4.0,5.0,Days,,,,,,,,,,,,0.0,0.0,,,,,,
642.0,23.0,Edamame,"salted, dry roasted, out of pod","edamame,soybean,soybeans,salted,roasted,dry roasted",12.0,12.0,Months,,,,,,,,,6.0,6.0,Months,,,,,,,,,,,,0.0,0.0,,,,,,
643.0,23.0,Breadcrumbs,commercial,"breadcrumbs,breadcrumb",6.0,6.0,Months,,,,,,,,,0.0,0.0,,,,,,,,,,,,,0.0,0.0,,,,,,
645.0,25.0,Salsa,"homemade, fresh","homemade salsa,homemade,salsa",0.0,0.0,,,,,,,,,,5.0,7.0,Days,,,,,,,,,,,,12.0,12.0,Months,,,,,
646.0,6.0,Salsa,"homemade, canned","homemade salsa,homemade,salsa",9.0,12.0,Months,,,,,,,,,0.0,0.0,,,,,,,,,,,,,0.0,0.0,,,,,,
647.0,6.0,Tomato Sauce,"homemade, canned","homemade tomato sauce,homemade sauce,homemade spaghetti sauce,spaghetti sauce,tomato sauce,homemade",9.0,12.0,Months,,,,,,,,,0.0,0.0,,,,,,,,,,,,,0.0,0.0,,,,,,
648.0,6.0,Barbecue Sauce,"homemade, canned","homemade barbecue sauce,homemade sauce,homemade BBQ sauce,BBQ sauce,barbecue sauce",9.0,12.0,Months,,,,,,,,,0.0,0.0,,,,,,,,,,,,,0.0,0.0,,,,,,
649.0,7.0,Ghee,,"ghee,clarified butter,clarified,butter",6.0,8.0,Months,,,,,,,,,1.0,2.0,Years,,,,,,,,,,,,0.0,0.0,,,,,,
650.0,23.0,Corn syrup,,"corn syrup,corn,syrup",3.0,3.0,Years,Keep tightly covered; refrigerate to extend storage life.,,,,,,,,0.0,0.0,,,,,,,,,,,,,0.0,0.0,,,,,,
652.0,23.0,Instant breakfast drinks,bottled,"instant breakfast drinks,instant,breakfast,drinks,instant breakfast,instant drink,carnation,bottled instant breakfast drink,bottled instant breakfast,bottled breakfast",6.0,6.0,Months,,,,,,,,,0.0,0.0,,,,,,,,,,,,,0.0,0.0,,,,,,
653.0,23.0,Pine nuts,,"pine nuts,pine nut,pine,nut,nuts",2.0,3.0,Weeks,,,,,,,,,3.0,3.0,Months,,,,,,,,,,,,9.0,9.0,Months,Store in a plastic bag within an airtight container. ,,,,
654.0,3.0,Coconut flour,,"coconut flour,coconut,flour",0.0,0.0,,,,,,,,,,9.0,12.0,Months,Store in an airtight container.,,,,,,,,,,,9.0,12.0,Months,,,,,
655.0,23.0,Pecans,chopped,"chopped pecans,pecan,pecans,chopped",0.0,0.0,,,,,,,,,,12.0,12.0,Months,,,,,,,,,,,,2.0,2.0,Years,,,,,
657.0,8.0,Polenta,frozen,"polenta,frozen,frozen polenta",0.0,0.0,,,,,,,,,,0.0,0.0,,,,,,,,,,5,5.0,Days,12.0,12.0,Months,,,,,
658.0,23.0,Cereal or granola bars,,"bars,bar,granola bars,granola bar,granola,cereal bars,cereal bar,nutrition bars,nutrition bar,energy bars,energy bar,health bars,health bar,fruit bars,fruit bar,snack bars,snack barsnack,,nut bars,nut bar,seed bars,seed bar,crunchy bars,crunchy bar,breakfast,breakfast bar,breakfast bars",6.0,12.0,Months,,,,,,,,,0.0,0.0,,,,,,,,,,,,,0.0,0.0,,,,,,
659.0,23.0,Milk ,ultra-pasteurized,"ultra pasteurized milk,milk,pasteurized,ultra",0.0,0.0,,,,,,,,,,1.0,3.0,Months,,,,,,7.0,10.0,Days,,,,0.0,0.0,,,,,,
661.0,19.0,Celery root,,"celeriac,celery root,celery",0.0,0.0,,,,,,,,,,1.0,1.0,Weeks,,,,,,,,,,,,0.0,0.0,,,,,,
662.0,5.0,Apple cider,fresh,"apple cider,apple,cider",2.0,3.0,Days,,,,,,,,,2.0,3.0,Weeks,,,,,,,,,,,,0.0,0.0,Indefinitely,,,,,
663.0,5.0,Yuzu juice,,"yuzu juice,yuzu,juice",0.0,0.0,,,4.0,6.0,Months,,,,,0.0,0.0,,,9.0,12.0,Months,,3.0,4.0,Months,,,,1.0,2.0,Years,,,,,
664.0,5.0,Yuzu,"fruit, fresh","yuzu,yuzu fruit",0.0,0.0,,,,,,,,,,5.0,7.0,Days,Store fresh yuzu wrapped in plastic in your refrigerator.  ,,,,,,,,,,,0.0,0.0,Indefinitely,"For long term storage of leftovers, freeze the juice and zest.",,,,
665.0,12.0,Pastrami,,pastrami,0.0,0.0,,,,,,,,,,40.0,40.0,Days,,,,,,,,,,,,0.0,0.0,,,,,,
666.0,8.0,Kugel,commercial,"kugel,commercial,commercial kugel",0.0,0.0,,,,,,,,,,0.0,0.0,,,,,,,,,,,,,1.0,1.0,Years,,,,,
667.0,25.0,Kugel,homemade,"kugel,homemade,homemade kugel",0.0,0.0,,,,,,,,,,3.0,4.0,Days,,,,,,,,,,,,1.0,1.0,Months,,,,,
670.0,6.0,Aioli,homemade,"garlic aioli,aioli,garlic,mayonnaise,mayo,garlic mayo,garlic mayonnaise,mayo",0.0,0.0,,,,,,,,,,3.0,4.0,Days,,,,,,,,,,,,0.0,0.0,,,,,,
673.0,6.0,Anchovies,canned,"anchovies,anchovy,canned anchovies",5.0,5.0,Years,,,,,,,,,0.0,0.0,,,,,,,3.0,4.0,Days,,,,2.0,2.0,Months,Remove from can before freezing.,,,,
674.0,19.0,Radicchio,,radicchio,0.0,0.0,,,,,,,,,,2.0,3.0,Weeks,,,,,,,,,,,,0.0,0.0,,,,,,
675.0,12.0,Prosciutto,,prosciutto,0.0,0.0,,,,,,,,,,2.0,3.0,Months,,,,,,,,,,,,1.0,1.0,Months,,,,,
676.0,12.0,Ham ,"uncured, fresh, cooked","ham,uncured,fresh,cooked,uncured ham,fully cooked,fully cooked uncured ham",0.0,0.0,,,,,,,,,,3.0,4.0,Days,,,,,,,,,,,,3.0,4.0,Months,,,,,
677.0,10.0,Ham ,"uncured, fresh, uncooked","ham,uncured,fresh,uncooked,uncured ham,uncured ham uncooked",0.0,0.0,,,,,,,,,,3.0,5.0,Days,,,,,,,,,,,,6.0,6.0,Months,,,,,
678.0,19.0,Arugula,,"arugula,greens,salad greens,salad",0.0,0.0,,,,,,,,,,3.0,7.0,Days,,,,,,,,,,,,0.0,0.0,,,,,,
679.0,9.0,Mung bean,sprouts,"sprouted mung beans,sprouted mung bean,sprout,mung beans,mung bean,mung,bean,mungbean,sprouts",0.0,0.0,,,,,,,,,,4.0,6.0,Weeks,Never refrigerate wet sprouts. Transfer to a plastic bag or use a glass or plastic container. ,,,,,,,,,,,0.0,0.0,,,,,,
680.0,9.0,Mung bean,"dry, food-grade bags","mung beans,mung bean,mung,bean,dry mung beans,dry,bag,bagged mung beans",1.0,1.0,Years,Keep the beans in an airtight container as its imperative that they remain dry.,,,,,,,,1.0,1.0,Years,,,,,,,,,,,,1.0,1.0,Years,,,,,
681.0,9.0,Mung bean,"dry, vacuum-sealed","mung beans,mung bean,mung,bean,dry mung beans,dry,vacuum sealed,vacuum sealed mung beans",8.0,10.0,Years,,,,,,,,,0.0,0.0,,,,,,,,,,,,,0.0,0.0,,,,,,
682.0,23.0,Croutons,,"croutons,crouton,bread",5.0,6.0,Months,,,,,,,,,5.0,6.0,Months,,,,,,,,,,,,11.0,12.0,Months,,,,,
683.0,12.0,Bacon,uncured,"uncured bacon,nitrite-free bacon,natural bacon,uncured,nitrite-free,nitrite,natural,bacon",0.0,0.0,,,,,,,,,,4.0,7.0,Days,,,,,,,,,,,,3.0,4.0,Weeks,,,,,
684.0,23.0,Mustard,"dried, ground","mustard,dried mustard,ground mustard,dried ground mustard",6.0,6.0,Months,,,,,,,,,0.0,0.0,,,,,,,,,,,,,1.0,2.0,Years,,,,,
